--
-- PostgreSQL database dump
--

\restrict NxtFRp2uQr67jGpMdgUZ5XSGvQvtTCth8rbVohg0TzmFfxJCl84nyRoHaYohBWy

-- Dumped from database version 16.3 (Debian 16.3-1.pgdg120+1)
-- Dumped by pg_dump version 16.14 (Ubuntu 16.14-1.pgdg26.04+1)

-- Started on 2026-07-05 20:17:45 -05

SET statement_timeout = 0;
SET lock_timeout = 0;
SET idle_in_transaction_session_timeout = 0;
SET client_encoding = 'UTF8';
SET standard_conforming_strings = on;
SELECT pg_catalog.set_config('search_path', '', false);
SET check_function_bodies = false;
SET xmloption = content;
SET client_min_messages = warning;
SET row_security = off;

DROP DATABASE db_test;
--
-- TOC entry 3407 (class 1262 OID 16384)
-- Name: db_test; Type: DATABASE; Schema: -; Owner: postgres
--

CREATE DATABASE db_test WITH TEMPLATE = template0 ENCODING = 'UTF8' LOCALE_PROVIDER = libc LOCALE = 'en_US.utf8';


ALTER DATABASE db_test OWNER TO postgres;

\unrestrict NxtFRp2uQr67jGpMdgUZ5XSGvQvtTCth8rbVohg0TzmFfxJCl84nyRoHaYohBWy
\connect db_test
\restrict NxtFRp2uQr67jGpMdgUZ5XSGvQvtTCth8rbVohg0TzmFfxJCl84nyRoHaYohBWy

SET statement_timeout = 0;
SET lock_timeout = 0;
SET idle_in_transaction_session_timeout = 0;
SET client_encoding = 'UTF8';
SET standard_conforming_strings = on;
SELECT pg_catalog.set_config('search_path', '', false);
SET check_function_bodies = false;
SET xmloption = content;
SET client_min_messages = warning;
SET row_security = off;

SET default_tablespace = '';

SET default_table_access_method = heap;

--
-- TOC entry 216 (class 1259 OID 16658)
-- Name: accounts; Type: TABLE; Schema: public; Owner: postgres
--

CREATE TABLE public.accounts (
    account_id bigint NOT NULL,
    creation_date timestamp without time zone NOT NULL,
    creation_host character varying(50) NOT NULL,
    creation_user character varying(50) NOT NULL,
    modification_date timestamp without time zone,
    modification_host character varying(50),
    modification_user character varying(50),
    status boolean NOT NULL,
    account_number bigint NOT NULL,
    account_type character varying(11) NOT NULL,
    customer_id bigint NOT NULL,
    initial_balance numeric(19,2) NOT NULL
);


ALTER TABLE public.accounts OWNER TO postgres;

--
-- TOC entry 215 (class 1259 OID 16657)
-- Name: accounts_account_id_seq; Type: SEQUENCE; Schema: public; Owner: postgres
--

ALTER TABLE public.accounts ALTER COLUMN account_id ADD GENERATED BY DEFAULT AS IDENTITY (
    SEQUENCE NAME public.accounts_account_id_seq
    START WITH 1
    INCREMENT BY 1
    NO MINVALUE
    NO MAXVALUE
    CACHE 1
);


--
-- TOC entry 218 (class 1259 OID 16664)
-- Name: customers; Type: TABLE; Schema: public; Owner: postgres
--

CREATE TABLE public.customers (
    customer_id bigint NOT NULL,
    creation_date timestamp without time zone NOT NULL,
    creation_host character varying(50) NOT NULL,
    creation_user character varying(50) NOT NULL,
    modification_date timestamp without time zone,
    modification_host character varying(50),
    modification_user character varying(50),
    status boolean NOT NULL,
    password character varying(60) NOT NULL,
    username character varying(20) NOT NULL,
    person_id bigint NOT NULL
);


ALTER TABLE public.customers OWNER TO postgres;

--
-- TOC entry 217 (class 1259 OID 16663)
-- Name: customers_customer_id_seq; Type: SEQUENCE; Schema: public; Owner: postgres
--

ALTER TABLE public.customers ALTER COLUMN customer_id ADD GENERATED BY DEFAULT AS IDENTITY (
    SEQUENCE NAME public.customers_customer_id_seq
    START WITH 1
    INCREMENT BY 1
    NO MINVALUE
    NO MAXVALUE
    CACHE 1
);


--
-- TOC entry 220 (class 1259 OID 16670)
-- Name: movements; Type: TABLE; Schema: public; Owner: postgres
--

CREATE TABLE public.movements (
    movement_id bigint NOT NULL,
    creation_date timestamp without time zone NOT NULL,
    creation_host character varying(50) NOT NULL,
    creation_user character varying(50) NOT NULL,
    modification_date timestamp without time zone,
    modification_host character varying(50),
    modification_user character varying(50),
    status boolean NOT NULL,
    account_id bigint NOT NULL,
    available_balance numeric(19,2) NOT NULL,
    movement_date timestamp without time zone NOT NULL,
    movement_type character(1) NOT NULL,
    value numeric(19,2) NOT NULL
);


ALTER TABLE public.movements OWNER TO postgres;

--
-- TOC entry 219 (class 1259 OID 16669)
-- Name: movements_movement_id_seq; Type: SEQUENCE; Schema: public; Owner: postgres
--

ALTER TABLE public.movements ALTER COLUMN movement_id ADD GENERATED BY DEFAULT AS IDENTITY (
    SEQUENCE NAME public.movements_movement_id_seq
    START WITH 1
    INCREMENT BY 1
    NO MINVALUE
    NO MAXVALUE
    CACHE 1
);


--
-- TOC entry 222 (class 1259 OID 16676)
-- Name: persons; Type: TABLE; Schema: public; Owner: postgres
--

CREATE TABLE public.persons (
    person_id bigint NOT NULL,
    creation_date timestamp without time zone NOT NULL,
    creation_host character varying(50) NOT NULL,
    creation_user character varying(50) NOT NULL,
    modification_date timestamp without time zone,
    modification_host character varying(50),
    modification_user character varying(50),
    status boolean NOT NULL,
    address character varying(255),
    age integer,
    gender character(1),
    identification character varying(10) NOT NULL,
    lastname character varying(255) NOT NULL,
    name character varying(255) NOT NULL,
    telephone character varying(10)
);


ALTER TABLE public.persons OWNER TO postgres;

--
-- TOC entry 221 (class 1259 OID 16675)
-- Name: persons_person_id_seq; Type: SEQUENCE; Schema: public; Owner: postgres
--

ALTER TABLE public.persons ALTER COLUMN person_id ADD GENERATED BY DEFAULT AS IDENTITY (
    SEQUENCE NAME public.persons_person_id_seq
    START WITH 1
    INCREMENT BY 1
    NO MINVALUE
    NO MAXVALUE
    CACHE 1
);


--
-- TOC entry 224 (class 1259 OID 16684)
-- Name: role_customers; Type: TABLE; Schema: public; Owner: postgres
--

CREATE TABLE public.role_customers (
    role_customer_id bigint NOT NULL,
    creation_date timestamp without time zone NOT NULL,
    creation_host character varying(50) NOT NULL,
    creation_user character varying(50) NOT NULL,
    modification_date timestamp without time zone,
    modification_host character varying(50),
    modification_user character varying(50),
    status boolean NOT NULL,
    customer_id bigint NOT NULL,
    rol_id bigint NOT NULL
);


ALTER TABLE public.role_customers OWNER TO postgres;

--
-- TOC entry 223 (class 1259 OID 16683)
-- Name: role_customers_role_customer_id_seq; Type: SEQUENCE; Schema: public; Owner: postgres
--

ALTER TABLE public.role_customers ALTER COLUMN role_customer_id ADD GENERATED BY DEFAULT AS IDENTITY (
    SEQUENCE NAME public.role_customers_role_customer_id_seq
    START WITH 1
    INCREMENT BY 1
    NO MINVALUE
    NO MAXVALUE
    CACHE 1
);


--
-- TOC entry 226 (class 1259 OID 16690)
-- Name: roles; Type: TABLE; Schema: public; Owner: postgres
--

CREATE TABLE public.roles (
    role_id bigint NOT NULL,
    creation_date timestamp without time zone NOT NULL,
    creation_host character varying(50) NOT NULL,
    creation_user character varying(50) NOT NULL,
    modification_date timestamp without time zone,
    modification_host character varying(50),
    modification_user character varying(50),
    status boolean NOT NULL,
    name character varying(20) NOT NULL
);


ALTER TABLE public.roles OWNER TO postgres;

--
-- TOC entry 225 (class 1259 OID 16689)
-- Name: roles_role_id_seq; Type: SEQUENCE; Schema: public; Owner: postgres
--

ALTER TABLE public.roles ALTER COLUMN role_id ADD GENERATED BY DEFAULT AS IDENTITY (
    SEQUENCE NAME public.roles_role_id_seq
    START WITH 1
    INCREMENT BY 1
    NO MINVALUE
    NO MAXVALUE
    CACHE 1
);


--
-- TOC entry 3391 (class 0 OID 16658)
-- Dependencies: 216
-- Data for Name: accounts; Type: TABLE DATA; Schema: public; Owner: postgres
--

INSERT INTO public.accounts VALUES (1, '2026-07-06 00:35:38.512', '127.0.0.1', 'admin', NULL, NULL, NULL, true, 478758, 'AHORRO', 2, 2000.00);
INSERT INTO public.accounts VALUES (2, '2026-07-06 00:36:40.002', '127.0.0.1', 'admin', NULL, NULL, NULL, true, 225487, 'CORRIENTE', 3, 100.00);
INSERT INTO public.accounts VALUES (3, '2026-07-06 00:37:46.537', '127.0.0.1', 'admin', NULL, NULL, NULL, true, 495878, 'AHORRO', 4, 0.00);
INSERT INTO public.accounts VALUES (4, '2026-07-06 00:38:57.091', '127.0.0.1', 'admin', NULL, NULL, NULL, true, 496825, 'AHORRO', 3, 540.00);
INSERT INTO public.accounts VALUES (5, '2026-07-06 00:40:43.007', '127.0.0.1', 'admin', NULL, NULL, NULL, true, 585545, 'CORRIENTE', 2, 1000.00);


--
-- TOC entry 3393 (class 0 OID 16664)
-- Dependencies: 218
-- Data for Name: customers; Type: TABLE DATA; Schema: public; Owner: postgres
--

INSERT INTO public.customers VALUES (1, '2026-07-06 00:28:10.280663', '127.0.0.1', 'admin', NULL, NULL, NULL, true, '$2a$10$itMT/hPoLNo/FqNuzh69LeNMMUsca/j2WIdOn7P0ZYhjs6rKK/way', 'admin', 1);
INSERT INTO public.customers VALUES (2, '2026-07-06 00:31:07.823', '127.0.0.1', 'admin', NULL, NULL, NULL, true, '$2a$10$BdLQQaTjqpnkiJUbtKhkkevo7AHnfLBHylZTyHuGOD4OFEadk6.N6', 'jlema', 2);
INSERT INTO public.customers VALUES (3, '2026-07-06 00:33:07.299', '127.0.0.1', 'admin', NULL, NULL, NULL, true, '$2a$10$fEIh0PVkf5f1Sfvxs.iCb.jSyD664aYe5UQeXpCFbp74NRya0LoEi', 'mmontalvo', 3);
INSERT INTO public.customers VALUES (4, '2026-07-06 00:34:01.57', '127.0.0.1', 'admin', NULL, NULL, NULL, true, '$2a$10$8OD9ypwk8vjMjDdaIF8P9utI2mMoLVnu/3OgDUVjwry1df98OYTl6', 'josorio', 4);


--
-- TOC entry 3395 (class 0 OID 16670)
-- Dependencies: 220
-- Data for Name: movements; Type: TABLE DATA; Schema: public; Owner: postgres
--

INSERT INTO public.movements VALUES (1, '2026-07-06 00:35:38.719', '127.0.0.1', 'admin', NULL, NULL, NULL, true, 1, 2000.00, '2026-07-06 00:35:38.719', 'D', 2000.00);
INSERT INTO public.movements VALUES (2, '2026-07-06 00:36:40.016', '127.0.0.1', 'admin', NULL, NULL, NULL, true, 2, 100.00, '2026-07-06 00:36:40.016', 'D', 100.00);
INSERT INTO public.movements VALUES (3, '2026-07-06 00:37:46.553', '127.0.0.1', 'admin', NULL, NULL, NULL, true, 3, 0.00, '2026-07-06 00:37:46.553', 'D', 0.00);
INSERT INTO public.movements VALUES (4, '2026-07-06 00:38:57.106', '127.0.0.1', 'admin', NULL, NULL, NULL, true, 4, 540.00, '2026-07-06 00:38:57.106', 'D', 540.00);
INSERT INTO public.movements VALUES (5, '2026-07-06 00:40:43.022', '127.0.0.1', 'admin', NULL, NULL, NULL, true, 5, 2000.00, '2026-07-06 00:40:43.022', 'D', 2000.00);
INSERT INTO public.movements VALUES (6, '2026-07-06 00:44:39.198', '127.0.0.1', 'admin', NULL, NULL, NULL, true, 1, 1425.00, '2026-07-06 00:44:39.198', 'R', -575.00);
INSERT INTO public.movements VALUES (7, '2026-07-06 00:46:58.215', '127.0.0.1', 'admin', NULL, NULL, NULL, true, 2, 700.00, '2026-07-06 00:46:58.215', 'D', 600.00);
INSERT INTO public.movements VALUES (8, '2026-07-06 00:47:42.884', '127.0.0.1', 'admin', NULL, NULL, NULL, true, 3, 150.00, '2026-07-06 00:47:42.884', 'D', 150.00);
INSERT INTO public.movements VALUES (9, '2026-07-06 00:48:39.718', '127.0.0.1', 'admin', NULL, NULL, NULL, true, 4, 0.00, '2026-07-06 00:48:39.718', 'R', -540.00);


--
-- TOC entry 3397 (class 0 OID 16676)
-- Dependencies: 222
-- Data for Name: persons; Type: TABLE DATA; Schema: public; Owner: postgres
--

INSERT INTO public.persons VALUES (1, '2026-07-06 00:28:10.277041', '127.0.0.1', 'admin', NULL, NULL, NULL, true, 'La Concepción', 36, 'M', '1717172631', 'Administrador', 'Administrador', '0987350473');
INSERT INTO public.persons VALUES (2, '2026-07-06 00:31:07.667', '127.0.0.1', 'admin', NULL, NULL, NULL, true, 'Otavalo sn y principal', NULL, NULL, '1717172632', 'Lema', 'Jose', '098254785');
INSERT INTO public.persons VALUES (3, '2026-07-06 00:33:07.207', '127.0.0.1', 'admin', NULL, NULL, NULL, true, 'Amazonas y NNUU', NULL, NULL, '1717172633', 'Montalvo', 'Marianela', '097548965');
INSERT INTO public.persons VALUES (4, '2026-07-06 00:34:01.474', '127.0.0.1', 'admin', NULL, NULL, NULL, true, '13 junio y Equinoccial', NULL, NULL, '1717172634', 'Osorio', 'Juan', '098874587');


--
-- TOC entry 3399 (class 0 OID 16684)
-- Dependencies: 224
-- Data for Name: role_customers; Type: TABLE DATA; Schema: public; Owner: postgres
--

INSERT INTO public.role_customers VALUES (1, '2026-07-06 00:28:10.285916', '127.0.0.1', 'admin', NULL, NULL, NULL, true, 1, 1);


--
-- TOC entry 3401 (class 0 OID 16690)
-- Dependencies: 226
-- Data for Name: roles; Type: TABLE DATA; Schema: public; Owner: postgres
--

INSERT INTO public.roles VALUES (1, '2026-07-06 00:28:10.283439', '127.0.0.1', 'admin', NULL, NULL, NULL, true, 'ROLE_ADMIN');


--
-- TOC entry 3408 (class 0 OID 0)
-- Dependencies: 215
-- Name: accounts_account_id_seq; Type: SEQUENCE SET; Schema: public; Owner: postgres
--

SELECT pg_catalog.setval('public.accounts_account_id_seq', 5, true);


--
-- TOC entry 3409 (class 0 OID 0)
-- Dependencies: 217
-- Name: customers_customer_id_seq; Type: SEQUENCE SET; Schema: public; Owner: postgres
--

SELECT pg_catalog.setval('public.customers_customer_id_seq', 4, true);


--
-- TOC entry 3410 (class 0 OID 0)
-- Dependencies: 219
-- Name: movements_movement_id_seq; Type: SEQUENCE SET; Schema: public; Owner: postgres
--

SELECT pg_catalog.setval('public.movements_movement_id_seq', 9, true);


--
-- TOC entry 3411 (class 0 OID 0)
-- Dependencies: 221
-- Name: persons_person_id_seq; Type: SEQUENCE SET; Schema: public; Owner: postgres
--

SELECT pg_catalog.setval('public.persons_person_id_seq', 4, true);


--
-- TOC entry 3412 (class 0 OID 0)
-- Dependencies: 223
-- Name: role_customers_role_customer_id_seq; Type: SEQUENCE SET; Schema: public; Owner: postgres
--

SELECT pg_catalog.setval('public.role_customers_role_customer_id_seq', 1, true);


--
-- TOC entry 3413 (class 0 OID 0)
-- Dependencies: 225
-- Name: roles_role_id_seq; Type: SEQUENCE SET; Schema: public; Owner: postgres
--

SELECT pg_catalog.setval('public.roles_role_id_seq', 1, true);


--
-- TOC entry 3229 (class 2606 OID 16662)
-- Name: accounts accounts_pkey; Type: CONSTRAINT; Schema: public; Owner: postgres
--

ALTER TABLE ONLY public.accounts
    ADD CONSTRAINT accounts_pkey PRIMARY KEY (account_id);


--
-- TOC entry 3231 (class 2606 OID 16668)
-- Name: customers customers_pkey; Type: CONSTRAINT; Schema: public; Owner: postgres
--

ALTER TABLE ONLY public.customers
    ADD CONSTRAINT customers_pkey PRIMARY KEY (customer_id);


--
-- TOC entry 3233 (class 2606 OID 16674)
-- Name: movements movements_pkey; Type: CONSTRAINT; Schema: public; Owner: postgres
--

ALTER TABLE ONLY public.movements
    ADD CONSTRAINT movements_pkey PRIMARY KEY (movement_id);


--
-- TOC entry 3235 (class 2606 OID 16682)
-- Name: persons persons_pkey; Type: CONSTRAINT; Schema: public; Owner: postgres
--

ALTER TABLE ONLY public.persons
    ADD CONSTRAINT persons_pkey PRIMARY KEY (person_id);


--
-- TOC entry 3239 (class 2606 OID 16688)
-- Name: role_customers role_customers_pkey; Type: CONSTRAINT; Schema: public; Owner: postgres
--

ALTER TABLE ONLY public.role_customers
    ADD CONSTRAINT role_customers_pkey PRIMARY KEY (role_customer_id);


--
-- TOC entry 3241 (class 2606 OID 16694)
-- Name: roles roles_pkey; Type: CONSTRAINT; Schema: public; Owner: postgres
--

ALTER TABLE ONLY public.roles
    ADD CONSTRAINT roles_pkey PRIMARY KEY (role_id);


--
-- TOC entry 3237 (class 2606 OID 16696)
-- Name: persons uk_q9hehhi7b6xsv7sp8cpb4mo21; Type: CONSTRAINT; Schema: public; Owner: postgres
--

ALTER TABLE ONLY public.persons
    ADD CONSTRAINT uk_q9hehhi7b6xsv7sp8cpb4mo21 UNIQUE (identification);


--
-- TOC entry 3244 (class 2606 OID 16707)
-- Name: movements fk1a6nru7corjv5b2vidld4ef5r; Type: FK CONSTRAINT; Schema: public; Owner: postgres
--

ALTER TABLE ONLY public.movements
    ADD CONSTRAINT fk1a6nru7corjv5b2vidld4ef5r FOREIGN KEY (account_id) REFERENCES public.accounts(account_id);


--
-- TOC entry 3245 (class 2606 OID 16712)
-- Name: role_customers fk2e6sti0ghk63ki33k5uonbtu8; Type: FK CONSTRAINT; Schema: public; Owner: postgres
--

ALTER TABLE ONLY public.role_customers
    ADD CONSTRAINT fk2e6sti0ghk63ki33k5uonbtu8 FOREIGN KEY (customer_id) REFERENCES public.customers(customer_id);


--
-- TOC entry 3243 (class 2606 OID 16702)
-- Name: customers fk2wkt5i862ljgauvs6mtjh8d8v; Type: FK CONSTRAINT; Schema: public; Owner: postgres
--

ALTER TABLE ONLY public.customers
    ADD CONSTRAINT fk2wkt5i862ljgauvs6mtjh8d8v FOREIGN KEY (person_id) REFERENCES public.persons(person_id);


--
-- TOC entry 3246 (class 2606 OID 16717)
-- Name: role_customers fk3orxa5tagh4lgiw4vx7s911q3; Type: FK CONSTRAINT; Schema: public; Owner: postgres
--

ALTER TABLE ONLY public.role_customers
    ADD CONSTRAINT fk3orxa5tagh4lgiw4vx7s911q3 FOREIGN KEY (rol_id) REFERENCES public.roles(role_id);


--
-- TOC entry 3242 (class 2606 OID 16697)
-- Name: accounts fkn6x8pdp50os8bq5rbb792upse; Type: FK CONSTRAINT; Schema: public; Owner: postgres
--

ALTER TABLE ONLY public.accounts
    ADD CONSTRAINT fkn6x8pdp50os8bq5rbb792upse FOREIGN KEY (customer_id) REFERENCES public.customers(customer_id);


-- Completed on 2026-07-05 20:17:46 -05

--
-- PostgreSQL database dump complete
--

\unrestrict NxtFRp2uQr67jGpMdgUZ5XSGvQvtTCth8rbVohg0TzmFfxJCl84nyRoHaYohBWy

